<?xml version="1.0" encoding="UTF-8" ?>
<templates>
    <t t-name="trl_b_template_new" owl="1">
        <!-- Section contains a structure for the Trial Balance report, including a filter
        view and a table view. It has div elements for the filter view and table view,
         with respective classes for styling.-->
        <div class="container">
            <div class="fin_report">
                <!--  Filter View  -->
                <div class="filter_view_gl pt-3 pb-5">
                    <div class="">
                        <h2 class="text-uppercase" style="padding:10px">
                            <t t-esc="props.action.name"/>
                        </h2>
                    </div>
                    <div style="margin-right: 10px; margin-left: 10px;margin-bottom: 15px;display: flex;">
                        <div class="sub_container_left" style="width:70%;">
                            <div class="report_print">
                                <!-- Print (PDF) Button -->
                                <button type="button"
                                        class="btn btn-primary btn-report-print"
                                        t-on-click="printPdf"
                                        style="margin-right: 8px;">
                                    Print (PDF)
                                </button>
                                <!-- Export (XLSX) Button -->
                                <button type="button"
                                        class="btn btn-primary btn-report-print"
                                        t-on-click="print_xlsx">
                                    Export (XLSX)
                                </button>
                            </div>
                        </div>
                        <div class="d-flex justify-content-end">
                            <!-- Time Range -->
                            <div class="time_range" style="">
                                <a type="button" class="dropdown-toggle"
                                   data-bs-toggle="dropdown">
                                    <!-- Date Range Dropdown -->
                                    <span class="fa fa-calendar" title="Dates"
                                          role="img"
                                          aria-label="Dates"/>
                                    Date Range
                                </a>
                                <div class="dropdown-menu" role="menu">
                                    <!-- Date Range Options -->
                                    <div class="list-group">
                                        <!-- This Month Button -->
                                        <button class="report-filter-button"
                                                t-att-data-value="'month'"
                                                type="button"
                                                t-on-click="applyFilter">
                                            This Month
                                        </button>
                                        <!-- This Quarter Button -->
                                        <button class="report-filter-button"
                                                t-att-data-value="'quarter'"
                                                type="button"
                                                t-on-click="applyFilter">
                                            This Quarter
                                        </button>
                                        <!-- This Year Button -->
                                        <button class="report-filter-button"
                                                t-att-data-value="'year'"
                                                type="button"
                                                t-on-click="applyFilter">
                                            This Year
                                        </button>
                                        <!-- Separator -->
                                        <div role="separator"
                                             class="dropdown-divider"/>
                                        <!-- Last Month Button -->
                                        <button class="report-filter-button"
                                                t-att-data-value="'last-month'"
                                                type="button"
                                                t-on-click="applyFilter">
                                            Last month
                                        </button>
                                        <!-- Last Quarter Button -->
                                        <button class="report-filter-button"
                                                t-att-data-value="'last-quarter'"
                                                type="button"
                                                t-on-click="applyFilter">
                                            Last quarter
                                        </button>
                                        <!-- Last Year Button -->
                                        <button class="report-filter-button"
                                                t-att-data-value="'last-year'"
                                                type="button"
                                                t-on-click="applyFilter">
                                            Last year
                                        </button>
                                        <!-- Separator -->
                                        <div role="separator"
                                             class="dropdown-divider"/>
                                        <!-- Start Date -->
                                        <label class="" for="date_from">Start
                                            Date :
                                        </label>
                                        <div class="input-group date"
                                             data-target-input="nearest">

                                            <input type="date" id="start_date"
                                                   t-on-change="applyFilter"
                                                   t-ref="date_from"
                                                   style="border:none;border-bottom: 1px solid #000;padding: 5px;outline: none;"
                                                   name="start_date"/>
                                        </div>
                                        <!-- End Date -->
                                        <label class="" for="date_to">End Date
                                            :
                                        </label>
                                        <div class="input-group date"
                                             data-target-input="nearest">
                                            <input type="date" id="end_date"
                                                   t-on-change="applyFilter"
                                                   t-ref="date_to"
                                                   style="border:none;border-bottom: 1px solid #000;padding: 5px;outline: none;"
                                                   name="end_date"/>
                                        </div>
                                    </div>
                                </div>
                            </div>
                            <div class="comparison_range" style="">
                                <a type="button" class="dropdown-toggle"
                                   data-bs-toggle="dropdown">
                                    <span class="fa fa-signal"
                                          title="Comparison"
                                          role="img"
                                          aria-label="Comparison"/>
                                    Comparison
                                </a>
                                <div class="dropdown-menu" role="menu">
                                    <div class="list-group">
                                        <button class="report-filter-button"
                                                t-att-data-value="'no comparison'"
                                                type="button"
                                                t-on-click="applyComparison">
                                            No Comparison
                                        </button>
                                        <div role="separator"
                                             class="dropdown-divider"/>
                                        <label class="" for="periods"
                                               style="display: flex;padding: 4px 20px;color: #000;">
                                            Previous Period
                                            <br/>
                                            Number of Periods:
                                        </label>
                                        <div class="input-group comparison"
                                             data-target-input="nearest">

                                            <input type="number"
                                                   t-ref="periods"
                                                   min="1"
                                                   t-on-input="onPeriodChange"
                                                   style="border:none;border-bottom: 1px solid #000;padding: 5px;outline: none;"
                                                   name="previous_period"/>
                                        </div>
                                        <button class="btn btn-primary"
                                                type="button"
                                                style="margin-left: 19px;margin-top: 4px;"
                                                t-on-click="applyComparisonPeriod">
                                            Apply
                                        </button>
                                        <div role="separator"
                                             class="dropdown-divider"/>
                                        <label class="" for="period_year"
                                               style="display: flex;padding: 4px 20px;color: #000;">
                                            Same Period Last Year
                                            <br/>
                                            Number of Periods:
                                        </label>
                                        <div class="input-group comparison"
                                             data-target-input="nearest">
                                            <input type="number"
                                                   t-ref="period_year"
                                                   t-on-input="onPeriodYearChange"
                                                   min="1"
                                                   style="border:none;border-bottom: 1px solid #000;padding: 5px;outline: none;"
                                                   name="period_year"/>
                                        </div>
                                        <button class="btn btn-primary"
                                                type="button"
                                                style="margin-left: 19px;margin-top: 4px;"
                                                t-on-click="applyComparisonYear">
                                            Apply
                                        </button>
                                    </div>
                                </div>
                            </div>
                            <div class="journal" style="">
                                <a type="button" class="dropdown-toggle"
                                   data-bs-toggle="dropdown" style="display: flex;
                                                                    text-wrap: wrap;
                                                                    flex-direction: row;
                                                                    align-items: center;
                                                                    justify-content: flex-start;
                                                                    min-width: 105px;">
                                    <span class="fa fa-book" title="Journals"
                                          role="img"/>
                                    Journals
                                    <t t-if="state.selected_journal_list">:
                                        <t t-foreach="state.selected_journal_list"
                                           t-as="Journal_key"
                                           t-key="Journal_key_index">
                                            <t t-foreach="state.journals"
                                               t-as="Journal"
                                               t-key="Journal_index">
                                                <t t-if="Journal['id'] == Journal_key">
                                                    <t t-esc="Journal['name']"/>
                                                </t>
                                            </t>
                                            <t t-if="Journal_key_index != Object.keys(state.selected_journal_list).length - 1">
                                                ,
                                            </t>
                                        </t>
                                    </t>
                                </a>
                                <div class="dropdown-menu" role="menu">
                                    <div class="list-group">
                                        <t t-if="state.journals">
                                            <t t-foreach="state.journals"
                                               t-as="journal"
                                               t-key="journal.id">
                                                <button class="report-filter-button"
                                                        t-att-data-value="'journal'"
                                                        t-att-data-id="journal.id"
                                                        type="button"
                                                        t-on-click="applyFilter">
                                                    <t t-esc="journal.name"/>
                                                </button>
                                            </t>
                                        </t>
                                    </div>
                                </div>
                            </div>
                            <!-- Options Dropdown -->
                            <div class="option" style="">
                                <a type="button" class="dropdown-toggle"
                                   data-bs-toggle="dropdown">
                                    <span class="fa fa-glass" title="Accounts"
                                          role="img"
                                          aria-label="Dates"/>
                                    Options : Posted Entries ,
                                    <t t-esc="Object.keys(state.method)[(Object.keys(state.method).length)-1]"/>
                                </a>
                                <div class="dropdown-menu" role="menu">
                                    <div class="list-group">
                                        <!-- Include Draft Entries Button -->
                                        <button class="report-filter-button"
                                                t-att-data-value="'draft'"
                                                type="button"
                                                t-on-click="applyFilter">
                                            Include Draft Entries
                                        </button>
                                        <button class="report-filter-button"
                                                t-att-data-value="'cash-basis'"
                                                type="button"
                                                t-on-click="applyFilter">
                                            Cash basis method
                                        </button>
                                    </div>
                                </div>
                            </div>
                        </div>
                    </div>
                </div>
            </div>
            <div class="table_style" style="height: 650px; overflow-y: scroll;">
                <!-- Table View -->
                <div class="table_view_gl" style="right:20px;width:100%;"
                     t-ref="table_view_gl">
                    <div>
                        <div class="table_main_view">
                            <table cellspacing="0" width="100%">
                                <thead>
                                    <tr class="o_heading"
                                        style="text-align:center;">
                                        <th colspan="6"/>
                                        <th colspan="2">Initial Balance</th>
                                        <t t-if="state.date_viewed.length != 0">
                                            <t t-foreach="state.date_viewed"
                                               t-as="date_view"
                                               t-key="date_view_index">
                                                <th colspan="2">
                                                    <t t-esc="date_view"/>
                                                </th>
                                            </t>
                                        </t>
                                        <th colspan="2">End Balance</th>
                                    </tr>
                                    <tr class="o_heading"
                                        style="text-align:center;">
                                        <th colspan="6"/>
                                        <th>Debit</th>
                                        <th>Credit</th>
                                        <th>Debit</th>
                                        <th>Credit</th>
                                        <th>Debit</th>
                                        <th>Credit</th>
                                        <t t-if="state.apply_comparison == true">
                                            <t t-set="number_of_periods"
                                               t-value="comparison_number_range"/>
                                            <t t-foreach="number_of_periods"
                                               t-as="number" t-key="number">
                                                <th>Debit</th>
                                                <th>Credit</th>
                                            </t>
                                        </t>
                                    </tr>
                                </thead>
                                <tbody t-ref="tbody">
                                    <t t-if="state.data">
                                        <t t-set="i" t-value="0"/>
                                        <t t-foreach="state.data"
                                           t-as="move_line"
                                           t-key="move_line_index">
                                            <t t-set="i" t-value="i + 1"/>
                                            <tr class="border-bottom"
                                                style="border-spacing: 0 10px;">
                                                <th colspan="6">
                                                    <span class="dropdown">
                                                        <a class="dropdown-toggle"
                                                           data-bs-toggle="dropdown"
                                                           style="color: black;">
                                                            <span>
                                                                <t t-esc="move_line['account']"/>
                                                            </span>
                                                        </a>
                                                        <span class="dropdown-menu">
                                                            <a role="menuitem"
                                                               t-on-click="show_gl"
                                                               class="show_gl">
                                                                General Ledger
                                                            </a>
                                                            <div role="separator"
                                                                 class="dropdown-divider"/>
                                                            <a role="menuitem"
                                                               t-att-data-id="move_line['account_id']"
                                                               t-on-click="gotoJournalItem"
                                                               class="show_gl">
                                                                Journal Items
                                                            </a>
                                                        </span>
                                                    </span>
                                                </th>
                                                <th style="text-align:center;">
                                                    <t t-if="move_line['initial_total_debit']"
                                                       t-esc="move_line['initial_total_debit']"/>
                                                </th>
                                                <th style="text-align:center;">
                                                    <t t-if="move_line['initial_total_credit']"
                                                       t-esc="move_line['initial_total_credit']"/>
                                                </th>
                                                <t t-if="state.apply_comparison == true">
                                                    <t t-set="number_of_periods"
                                                       t-value="comparison_number_range"/>
                                                    <t t-foreach="number_of_periods"
                                                       t-as="num" t-key="num">
                                                        <th style="text-align:center;">
                                                            <t t-if="move_line['dynamic_total_debit_' + num]"
                                                               t-esc="move_line['dynamic_total_debit_' + num]"/>
                                                        </th>
                                                        <th style="text-align:center;">
                                                            <t t-if="move_line['dynamic_total_credit_' + num]"
                                                               t-esc="move_line['dynamic_total_credit_' + num]"/>
                                                        </th>
                                                    </t>
                                                </t>
                                                <th style="text-align:center;">
                                                    <t t-if="move_line['total_debit']"
                                                       t-esc="move_line['total_debit'].toFixed(2)"/>
                                                </th>
                                                <th style="text-align:center;">
                                                    <t t-if="move_line['total_credit']"
                                                       t-esc="move_line['total_credit'].toFixed(2)"/>
                                                </th>
                                                <th style="text-align:center;">
                                                    <t t-if="move_line['end_total_debit']"
                                                       t-esc="move_line['end_total_debit'].toFixed(2)"/>
                                                </th>
                                                <th style="text-align:center;">
                                                    <t t-if="move_line['end_total_credit']"
                                                       t-esc="move_line['end_total_credit'].toFixed(2)"/>
                                                </th>
                                            </tr>
                                        </t>
                                        <tr class="border-bottom"
                                            style="border-spacing: 0 10px;color:#000">
                                            <th colspan="6">Total</th>
                                            <th style="text-align:center;">
                                                <t t-esc="sumByKey(state.data, 'initial_total_debit').toFixed(2)"/>
                                            </th>
                                            <th style="text-align:center;">
                                                <t t-esc="sumByKey(state.data, 'initial_total_credit').toFixed(2)"/>
                                            </th>
                                            <t t-if="state.apply_comparison == true">
                                                <t t-set="number_of_periods"
                                                   t-value="comparison_number_range"/>
                                                <t t-foreach="number_of_periods"
                                                   t-as="nb" t-key="nb">
                                                    <th style="text-align:center;">
                                                        <t t-esc="sumByKey(state.data, 'dynamic_total_debit_' + nb).toFixed(2)"/>
                                                    </th>
                                                    <th style="text-align:center;">
                                                        <t t-esc="sumByKey(state.data, 'dynamic_total_credit_' + nb).toFixed(2)"/>
                                                    </th>
                                                </t>
                                            </t>
                                            <th style="text-align:center;">
                                                <t t-esc="sumByKey(state.data, 'total_debit').toFixed(2)"/>
                                            </th>
                                            <th style="text-align:center;">
                                                <t t-esc="sumByKey(state.data, 'total_credit').toFixed(2)"/>
                                            </th>
                                            <th style="text-align:center;">
                                                <t t-esc="sumByKey(state.data, 'end_total_debit').toFixed(2)"/>
                                            </th>
                                            <th style="text-align:center;">
                                                <t t-esc="sumByKey(state.data, 'end_total_credit').toFixed(2)"/>
                                            </th>
                                        </tr>
                                    </t>
                                </tbody>
                            </table>
                        </div>
                    </div>
                </div>
            </div>
        </div>
    </t>
</templates>
